alias_fn,alias_ln,actual_fn,actual_ln
Benjamin,Mullin,Ben,Mullin
Joshua,Doebbert,Josh,Doebbert
Arthur,Huber,Artie,Huber
Nicole,Schneider,Nicole,Eliasson
Nathan,Rhode,Nate,Rhode
Gabrielle,Vandendries,Gabby,Vandendries
Mary,Beth Tuttle,Marybeth,Tuttle
Mary,Tuttle,Marybeth,Tuttle
Mary Beth,Tuttle,Marybeth,Tuttle
Jeffrey,Markes,Jeff,Markes
William,Markes,Will,Markes
Christopher Frenier, Chris Frenier
Mitch,Campbell,Mitchell,Campbell